"","id1","lat1","lon1","val1"
"1",3,31.0069,-88.0103,18567.239
"2",7,34.0128,-85.9708,4548.031
"3",8,33.6446,-87.2003,7601.531
"4",10,32.6017,-87.7811,33627.55
"5",26,33.2442,-86.4567,73140.882
"6",47,34.7439,-87.8486,23175.274
"7",50,34.8825,-85.7547,10981.956
"8",51,32.0306,-93.5692,21231.788
"9",54,37.8824,-84.1025,2.522
"10",56,31.4858,-87.9106,6660.792
"11",59,40.8538,-98.3481,2365.116
"12",60,40.5806,-98.3106,2300.675
"13",87,35.4159,-108.082,1211.723
"14",108,37.9306,-100.9725,1710.772
"15",113,34.9394,-110.3033,6494.127
"16",116,33.4225,-111.9122,0.202
"17",117,33.4417,-112.1583,3.405
"18",118,32.5517,-111.3,0.029
"19",120,32.7214,-114.7097,1.377
"20",124,32.2511,-110.9889,0.14
"21",126,32.16,-110.9047,1738.702
"22",127,34.0825,-99.1753,3587.872
"23",130,33.3692,-80.1119,9299.778
"24",136,29.7333,-81.6339,16959.729
"25",141,33.5542,-112.2161,0.099
"26",147,33.3544,-111.9364,0.885
"27",160,32.0619,-109.8931,4588.495
"28",165,36.1906,-95.2889,16763.434
"29",167,34.7535,-92.1987,0.201
"30",168,34.9806,-90.8722,0
"31",169,33.3592,-93.4649,0.303
"32",170,34.4341,-92.9046,0.541
"33",173,34.4629,-90.5987,0
"34",201,35.4617,-93.8053,0.241
"35",202,35.2597,-91.3631,46.428
"36",203,33.5648,-92.7917,55.206
"37",207,30.4311,-81.5508,9422
"38",228,38.0184,-121.761,0.138
"39",246,40.7415,-124.2103,34.393
"40",259,35.3747,-120.8578,0.288
"41",260,36.8042,-121.7775,7.986
"42",271,38.0392,-121.894,0.203
"43",273,37.7558,-122.3869,1.398
"44",298,31.4219,-96.2525,21654.917
"45",302,33.1408,-117.3342,1.277
"46",310,32.6131,-117.0964,0.275
"47",315,33.7688,-118.1009,3.006
"48",329,34.8622,-116.854,0.068
"49",330,33.9106,-118.425,0.318
"50",331,34.0911,-117.5256,0.831
"51",335,33.6436,-117.9788,3.183
"52",341,33.7641,-118.2248,0.187
"53",345,34.2072,-119.2511,0.286
"54",350,34.1292,-119.1689,0.444
"55",356,33.8504,-118.395,0.241
"56",358,34.0836,-117.2408,13.089
"57",377,34.1556,-118.2782,1.272
"58",384,41.4947,-88.125,13925.078
"59",389,32.8022,-115.54,1.924
"60",399,33.7856,-118.2644,0.694
"61",400,33.7639,-118.0942,10.37
"62",404,33.9175,-118.4258,9.76
"63",408,34.2481,-118.3903,3.354
"64",420,34.1263,-118.1494,0.116
"65",422,34.1256,-118.1474,0.264
"66",465,39.67,-105.0028,2001.802
"67",468,39.1486,-108.3189,1425.348
"68",469,39.8034,-104.9458,7441.11
"69",470,38.2081,-104.5747,2569.209
"70",477,40.0195,-105.202,1137.44
"71",478,39.7369,-105.0169,0.246
"72",492,38.8244,-104.8331,6033.703
"73",508,38.0921,-102.6148,188.84
"74",525,40.4856,-107.185,2626.408
"75",527,38.2387,-108.5083,927.091
"76",533,31.4001,-86.4767,6.418
"77",544,41.2083,-73.1092,0.091
"78",546,41.4281,-72.1019,97.697
"79",548,41.0732,-73.4098,139.583
"80",562,41.5544,-72.5793,163.742
"81",564,28.4836,-81.1686,4489.548
"82",568,41.1706,-73.1843,1273.195
"83",589,44.4917,-73.2081,1.693
"84",593,39.7372,-75.5033,640.827
"85",594,38.5857,-75.2341,13843.622
"86",599,39.1748,-75.5455,0.26
"87",602,39.1792,-76.5383,1260.004
"88",603,38.8994,-76.9592,873.75
"89",607,48.4553,-122.435,1.152
"90",609,28.4694,-80.7642,459.323
"91",610,25.6321,-80.2989,0
"92",612,26.6967,-81.7831,27.601
"93",613,26.0681,-80.1983,11.073
"94",617,26.0856,-80.1253,3897.869
"95",619,26.7653,-80.0528,0
"96",620,28.8419,-81.3256,23.97
"97",621,25.4356,-80.3308,3183.267
"98",628,28.9594,-82.7003,39476.735
"99",634,27.8613,-82.6012,16.131
"100",638,30.3764,-83.1806,535.255
"101",641,30.5661,-87.2289,4448.748
"102",642,30.6689,-84.8869,968.172
"103",643,30.2689,-85.7003,11738.488
"104",645,27.7944,-82.4036,9617.759
"105",663,29.7586,-82.3883,3181.258
"106",664,29.6467,-82.3219,1.127
"107",666,30.3644,-81.6236,15.732
"108",667,30.4172,-81.5525,4104.794
"109",673,26.6125,-80.0678,1.903
"110",675,28.0797,-81.9228,2.534
"111",676,28.0809,-81.9256,4240.296
"112",683,28.4933,-80.7825,0.199
"113",688,30.4522,-84.4,48.688
"114",689,30.1619,-84.2014,3.067
"115",693,27.6311,-80.3758,26.201
"116",703,34.1256,-84.9192,7617.817
"117",708,34.2533,-85.3456,2426.576
"118",709,33.1942,-83.2994,53258.206
"119",710,33.8244,-84.475,17110.218
"120",715,31.2125,-81.5458,121.919
"121",727,31.4444,-84.1322,927.185
"122",728,33.4622,-84.8986,54256.166
"123",733,32.1486,-81.1458,8340.953
"124",762,36.7205,-97.0868,0.11
"125",856,40.5958,-89.6631,12009.979
"126",861,39.0586,-89.4031,210.819
"127",862,37.6578,-89.5119,0.535
"128",863,39.1333,-87.6597,5733.188
"129",864,39.8194,-90.5647,2465.74
"130",867,41.8278,-87.7236,6486.198
"131",874,41.4931,-88.1153,3161.542
"132",876,39.5906,-89.4964,15190.843
"133",879,40.5408,-89.6786,21750.4
"134",883,42.3833,-87.8133,11151.12
"135",884,41.6334,-88.0626,14748.417
"136",886,41.8508,-87.6533,4198.555
"137",887,37.2103,-88.8606,25896.71
"138",889,38.205,-89.855,22089.698
"139",891,40.2797,-90.0775,7459.487
"140",892,41.3017,-89.3136,6142.573
"141",897,40.1781,-87.7481,2091.852
"142",898,38.8639,-90.1325,9771.411
"143",913,38.6642,-90.1764,0.509
"144",963,39.7539,-89.6011,3310.497
"145",976,37.6206,-88.955,8013.937
"146",981,41.7072,-87.5217,10567.314
"147",983,38.7383,-85.4192,68931.994
"148",988,39.0831,-84.8581,24850.35
"149",990,39.7119,-86.1975,21667.581
"150",991,39.4851,-86.4176,12265.835
"151",992,39.7622,-86.1667,0.164
"152",994,38.5267,-87.2525,29845.567
"153",995,41.6433,-87.1225,9161.968
"154",996,41.6394,-87.4069,0
"155",997,41.7203,-86.9097,9730.22
"156",1001,39.9239,-87.4272,2015.43
"157",1004,38.8067,-87.2472,3516.509
"158",1007,40.0969,-85.9714,0.569
"159",1008,38.2636,-85.8381,23088.505
"160",1010,39.53,-87.4247,46209.626
"161",1012,37.91,-87.3267,1899.917
"162",1040,39.8028,-84.8953,4806.063
"163",1043,38.5201,-87.2662,21307.782
"164",1046,42.506,-90.6527,782.636
"165",1047,43.3359,-91.1672,4729.351
"166",1048,41.8081,-90.2345,3461.517
"167",1058,41.9839,-91.6686,0
"168",1073,41.9439,-91.6386,3555.107
"169",1077,42.0472,-92.8627,5174.893
"170",1081,41.5404,-90.4483,3013.909
"171",1082,41.18,-95.8408,14571.387
"172",1091,42.2996,-96.3634,21661.998
"173",1104,40.7412,-91.1168,2889.94
"174",1122,42.0247,-93.6069,944.223
"175",1131,42.5267,-92.4394,308.419
"176",1167,41.3917,-91.0569,1933.039
"177",1175,41.3981,-92.9144,262.704
"178",1217,43.1606,-95.2569,329.064
"179",1218,41.4569,-90.8233,3917.933
"180",1230,37.1611,-100.7619,0.265
"181",1233,37.7328,-99.9497,1.222
"182",1235,38.41,-98.8689,0.364
"183",1239,37.0719,-94.6986,4204.58
"184",1240,37.7903,-97.5217,2.155
"185",1241,38.3472,-94.6389,20500.322
"186",1242,37.5956,-97.4131,0.771
"187",1243,37.3062,-95.1118,0
"188",1248,38.0906,-97.8747,0.536
"189",1250,39.0072,-95.2692,3190.715
"190",1252,39.0522,-95.5669,4396.837
"191",1268,37.6953,-95.4586,0.073
"192",1271,37.0456,-95.6076,0.004
"193",1295,39.1486,-94.6405,3899.967
"194",1336,37.9703,-100.8956,0.195
"195",1353,38.1707,-82.6176,42924.119
"196",1355,37.7889,-84.7139,20922.804
"197",1356,38.7497,-85.035,11375.935
"198",1357,37.3636,-87.1214,20386.267
"199",1361,38.0478,-84.8483,1225.238
"200",1363,38.1828,-85.8894,9487.896
"201",1364,38.0531,-85.91,27133.249
"202",1366,38.2147,-85.8453,0.043
"203",1374,37.7958,-87.0597,9580.8
"204",1378,37.2608,-86.9783,38815.028
"205",1379,37.1517,-88.775,28175.222
"206",1381,37.9628,-86.7917,6109.637
"207",1382,37.6472,-87.5028,4186.273
"208",1383,37.6467,-87.5033,4525.048
"209",1384,37,-84.5917,18009.418
"210",1385,37.8807,-84.2634,7353.539
"211",1391,30.4903,-91.1875,26.932
"212",1393,30.2861,-93.2917,14199.068
"213",1394,30.2743,-91.1164,1.721
"214",1396,30.8442,-92.2606,1.772
"215",1400,29.8223,-91.5427,3.629
"216",1402,30.0033,-90.4611,23.153
"217",1403,29.9472,-90.1458,15.694
"218",1404,32.7047,-92.0792,0.022
"219",1409,30.0081,-89.9372,6.438
"220",1416,32.5181,-93.7611,3.206
"221",1417,32.7047,-93.9597,0.816
"222",1439,29.5808,-90.7222,0.056
"223",1443,30.2368,-92.0476,1.238
"224",1449,29.6916,-91.1887,0.134
"225",1450,31.7705,-93.0952,0
"226",1464,30.6736,-91.3525,0.246
"227",1507,43.75,-70.1569,800.949
"228",1552,39.3269,-76.365,5589.455
"229",1553,39.2661,-76.6042,0.092
"230",1554,39.1781,-76.5268,9181.647
"231",1556,39.4422,-76.2208,12.832
"232",1559,39.2369,-76.5133,0.031
"233",1564,38.4878,-75.8208,100.602
"234",1570,39.595,-77.8269,2065.609
"235",1571,38.5444,-76.6861,2613.477
"236",1572,39.2086,-77.4644,2585.001
"237",1573,38.3592,-76.9767,5257.38
"238",1588,42.3917,-71.0667,23.63
"239",1595,42.3633,-71.0792,3.975
"240",1599,41.7694,-70.5097,290.83
"241",1606,42.2814,-72.6053,550.677
"242",1613,41.737,-71.146,0.55
"243",1619,41.7125,-71.1914,30246.68
"244",1626,42.5267,-70.8792,5616.233
"245",1642,42.0956,-72.5958,53.953
"246",1660,42.235,-70.9672,0.304
"247",1682,41.8653,-71.1061,75.368
"248",1695,43.2542,-86.2417,11393.018
"249",1702,43.6425,-83.8431,13347.762
"250",1710,42.9103,-86.2036,33578.92
"251",1720,43.6425,-83.8431,8868.641
"252",1723,41.7917,-83.4486,7658.238
"253",1726,42.3597,-82.9611,0
"254",1728,42.2947,-83.1019,0.095
"255",1731,43.8519,-82.6436,1391.255
"256",1733,41.8917,-83.3461,47607.801
"257",1740,42.2733,-83.1131,14422.139
"258",1743,42.7625,-82.4722,35261.06
"259",1745,42.1236,-83.1811,23469.37
"260",1769,46.5789,-87.395,8675.632
"261",1822,42.3038,-83.0904,0.37
"262",1825,43.0722,-86.2342,289.497
"263",1830,42.7956,-86.1133,617.653
"264",1831,42.7183,-84.5586,5427.551
"265",1832,42.6919,-84.6572,2362.751
"266",1843,46.5314,-87.3917,177.064
"267",1866,42.2081,-83.1453,1154.368
"268",1888,43.6728,-94.7074,0.851
"269",1891,47.5306,-92.1619,560.588
"270",1893,47.2603,-93.6531,6654.577
"271",1897,46.7356,-92.1531,460.091
"272",1904,44.8108,-93.2501,2765.166
"273",1912,44.9331,-93.1075,2.012
"274",1915,45.03,-92.7786,1741.54
"275",1927,45.0203,-93.2753,2.11
"276",1943,46.29,-96.0428,3609.75
"277",1961,43.7014,-92.9626,43.17
"278",2008,44.0281,-92.4597,18.523
"279",2038,45.601,-93.2081,0.162
"280",2039,45.2958,-93.5542,0.126
"281",2047,30.34,-88.492,10.231
"282",2048,32.2925,-88.7461,0.023
"283",2049,30.4408,-89.0265,23442.822
"284",2050,32.2831,-90.9306,130.87
"285",2051,33.7947,-90.7139,0.03
"286",2053,32.3564,-90.2125,0.762
"287",2070,31.5289,-89.2992,0.986
"288",2076,37.3596,-94.5913,9403.441
"289",2079,39.1306,-94.4778,1946.07
"290",2080,38.3108,-93.9331,11750.115
"291",2094,39.1778,-94.1861,13059.414
"292",2098,39.7246,-94.8773,1587.518
"293",2103,38.5583,-90.8361,66794.36
"294",2104,38.4017,-90.3358,17074.912
"295",2107,38.9158,-90.2917,40331.926
"296",2123,38.9658,-92.3175,863.069
"297",2132,39.0919,-94.3261,561.29
"298",2161,37.1086,-93.2592,3674.328
"299",2167,36.5147,-89.5617,15039.663
"300",2168,39.5531,-92.6392,17068.379
"301",2169,38.6853,-91.7556,1187.204
"302",2176,47.0539,-104.74,0.053
"303",2187,45.7747,-108.4803,2519.396
"304",2226,40.6941,-99.7005,2.107
"305",2240,41.4275,-96.4619,1205.768
"306",2241,40.9228,-98.3269,0.016
"307",2277,40.5589,-96.7842,3757.897
"308",2291,41.3297,-95.9458,10515.151
"309",2292,41.1706,-95.9692,0.204
"310",2322,36.0875,-115.0507,0.331
"311",2324,36.6531,-114.6364,1239.414
"312",2326,36.1384,-115.036,0
"313",2330,39.1281,-119.1319,0.5
"314",2336,39.5625,-119.525,8.319
"315",2341,35.1458,-114.5917,0
"316",2364,43.1411,-71.4692,33248.057
"317",2367,43.0978,-70.7842,3255.985
"318",2378,39.29,-74.6339,1936.639
"319",2384,39.6831,-75.5083,694.238
"320",2393,40.5661,-75.165,0.44
"321",2398,40.8375,-74.0244,14.622
"322",2399,40.0753,-74.8781,0.947
"323",2403,40.7478,-74.0719,1727.507
"324",2404,40.7375,-74.1,0.73
"325",2406,40.6225,-74.2097,11.708
"326",2408,40.1797,-74.7325,8563.809
"327",2411,40.5564,-74.2461,35.994
"328",2442,36.69,-108.4814,11042.629
"329",2444,31.8047,-106.5472,2.542
"330",2446,32.7131,-103.31,1.141
"331",2450,35.1716,-106.6019,0.315
"332",2451,36.8006,-108.4386,4292.382
"333",2454,32.7131,-103.3533,3.193
"334",2480,41.5736,-73.9747,8371.721
"335",2490,40.5915,-74.2027,3.167
"336",2491,40.7903,-73.9111,65.306
"337",2493,40.7281,-73.9742,88.475
"338",2500,40.7585,-73.9451,259.893
"339",2504,40.768,-73.9515,615.467
"340",2511,40.6169,-73.6486,11.788
"341",2513,40.6111,-73.7611,0.638
"342",2514,40.8269,-73.6479,0.746
"343",2516,40.9231,-73.3417,1827.215
"344",2517,40.9503,-73.0786,282.491
"345",2526,42.1117,-75.9747,378.838
"346",2527,42.6789,-76.9483,448.867
"347",2535,42.6028,-76.6336,11087.65
"348",2539,42.5905,-73.7636,9.409
"349",2549,42.97,-78.93,6041.386
"350",2554,42.49,-79.35,7380.336
"351",2594,43.46,-76.53,361.596
"352",2625,41.2044,-73.9689,3.517
"353",2679,40.6447,-73.5683,0.183
"354",2682,42.0917,-79.2417,1271.537
"355",2706,35.4714,-82.5431,1999.842
"356",2708,35.595,-79.0492,13338.206
"357",2709,35.3775,-78.0875,15536.145
"358",2712,36.4833,-79.0731,12115.061
"359",2713,34.2824,-77.9864,18828.401
"360",2716,34.5889,-78.975,6573.944
"361",2718,35.1897,-81.0122,2071.444
"362",2720,35.7133,-80.3767,6499.401
"363",2721,35.22,-81.7594,12216.631
"364",2723,36.4862,-79.7208,4290.986
"365",2727,35.5975,-80.9658,3657.738
"366",2732,35.36,-80.9742,10407.663
"367",2790,46.8669,-100.8839,1871.128
"368",2817,47.2819,-101.3194,45978.286
"369",2823,47.0664,-101.2139,27099.23
"370",2824,47.2872,-101.3314,2448.726
"371",2828,40.2522,-80.6486,32521.76
"372",2830,38.9917,-84.2981,69156.264
"373",2832,39.1131,-84.8031,24949.094
"374",2835,41.9086,-80.7697,5028.743
"375",2836,41.5042,-82.05,35488.115
"376",2837,41.6713,-81.4432,48062.699
"377",2838,41.5356,-81.6419,3067.677
"378",2840,40.1842,-81.8811,16557.78
"379",2843,39.7933,-83.0097,1151.726
"380",2847,39.7281,-84.2103,0.122
"381",2848,39.6094,-84.2931,1404.903
"382",2850,38.6361,-83.6939,9804.664
"383",2861,41.1667,-80.75,11229.688
"384",2864,39.9094,-80.7608,12719.095
"385",2866,40.5308,-80.6311,12761.162
"386",2869,41.4297,-82.2633,0.223
"387",2872,39.5908,-81.6797,98514.751
"388",2876,38.9161,-82.1281,109663.188
"389",2878,41.6925,-83.4375,11948.293
"390",2880,41.3033,-84.3386,0.331
"391",2917,39.4083,-84.5625,615.58
"392",2951,35.5089,-97.1789,6.753
"393",2952,35.7617,-95.2847,24208.921
"394",2953,35.4711,-97.6733,2.496
"395",2956,34.9678,-96.7242,9.84
"396",2963,36.4317,-95.7008,18562.181
"397",2964,35.1009,-98.3524,3.513
"398",2965,36.1125,-95.9917,1.197
"399",3006,35.0847,-98.23,0.221
"400",3008,36.4375,-99.2208,1.639
"401",3096,40.4638,-80.044,0.031
"402",3098,40.2525,-79.9183,1531.655
"403",3113,40.91,-75.0789,22072.766
"404",3115,40.3061,-75.9081,8338.884
"405",3118,40.3842,-79.0611,7055.739
"406",3122,40.511,-79.1968,112951.182
"407",3130,40.4081,-79.0339,8457.795
"408",3131,41.067,-78.3656,40188.873
"409",3136,40.6604,-79.3411,39113.491
"410",3138,40.9378,-80.3681,9751.689
"411",3140,40.097,-76.6962,17821.577
"412",3148,40.796,-75.107,507.7
"413",3149,41.0714,-76.6672,19141.457
"414",3152,40.8361,-76.825,30786.187
"415",3159,40.1514,-75.5306,2125.259
"416",3161,39.858,-75.323,4932.208
"417",3169,39.9425,-75.1883,44.16
"418",3176,41.2033,-76.0683,1992.42
"419",3178,40.9289,-79.4658,26034.847
"420",3179,39.8562,-79.9274,1727.012
"421",3181,40.2207,-79.9682,737.276
"422",3236,41.8167,-71.4042,4.85
"423",3250,34.4185,-80.1657,2.178
"424",3251,34.4017,-80.1589,7771.683
"425",3264,34.6022,-82.435,8285.472
"426",3280,33.0647,-80.6228,12680.468
"427",3285,32.8265,-79.9634,0.597
"428",3287,34.0533,-81.2178,9679.979
"429",3295,33.435,-81.9111,5160.953
"430",3297,33.8264,-80.6218,18239.046
"431",3298,33.0163,-79.9285,946.905
"432",3317,33.8253,-79.0528,5596.335
"433",3319,33.2422,-79.9875,10167.131
"434",3344,44.3696,-98.17,0.01
"435",3393,35.0742,-90.1439,11048.772
"436",3396,36.0211,-84.1567,890.077
"437",3399,36.3903,-87.6539,11420.688
"438",3403,36.3156,-86.4006,20589.863
"439",3405,36.3767,-82.9639,22539.835
"440",3406,36.0278,-87.9861,40602.994
"441",3407,35.8992,-84.5194,11926.143
"442",3439,27.5667,-99.5083,0.35
"443",3441,27.8182,-97.4189,4.857
"444",3443,28.7883,-97.01,2.201
"445",3452,32.8364,-96.5464,5.541
"446",3453,32.7253,-96.9361,2.467
"447",3456,31.9858,-106.4322,6.893
"448",3457,30.4364,-95.5215,6.451
"449",3459,30.0242,-93.875,15.11
"450",3460,29.7483,-94.9272,3.751
"451",3464,29.8208,-95.2194,0.544
"452",3468,29.7268,-95.06,0.583
"453",3470,29.4828,-95.6311,49233.313
"454",3476,32.3766,-94.6415,1.35
"455",3477,32.9217,-94.7158,0.067
"456",3478,32.8486,-94.5469,7.134
"457",3482,33.5239,-101.7392,5.678
"458",3483,35.9667,-101.865,0.242
"459",3484,35.2825,-101.7458,3.252
"460",3485,34.1661,-102.4114,3.643
"461",3490,33.135,-98.6117,1.697
"462",3491,32.7278,-97.2186,1.399
"463",3492,32.3358,-100.9158,0
"464",3494,31.5839,-102.9636,1.141
"465",3497,31.8206,-96.0561,63299.773
"466",3502,31.4647,-96.985,0
"467",3504,31.9381,-94.9883,1.693
"468",3506,31.5733,-96.9642,0.818
"469",3507,32.1264,-96.1014,0.127
"470",3508,33.6281,-96.3678,1.121
"471",3548,30.3036,-97.6128,11.378
"472",3559,25.9131,-97.5214,0.246
"473",3574,32.9125,-96.6231,0
"474",3576,33.0667,-96.4519,0.437
"475",3601,30.1456,-97.2708,2.989
"476",3602,33.5211,-101.7906,0.558
"477",3604,33.6039,-101.8408,0.754
"478",3609,29.3511,-98.5753,0.149
"479",3611,29.3078,-98.3244,2.837
"480",3612,29.2575,-98.3828,4.478
"481",3613,29.53,-98.4183,0
"482",3628,32.6581,-98.3103,1.497
"483",3631,28.8947,-97.1347,0.722
"484",3644,39.7272,-110.8644,7461.901
"485",3648,40.7686,-111.9289,1.355
"486",3775,36.9333,-82.1997,6765.191
"487",3776,37.3704,-80.8639,1715.136
"488",3788,38.8203,-77.0411,1417.097
"489",3796,37.7089,-78.2878,7741.4
"490",3797,37.3822,-77.3833,27702.784
"491",3803,36.7711,-76.3019,19931.542
"492",3804,38.5367,-77.2806,1528.741
"493",3809,37.2144,-76.4611,17901.886
"494",3845,46.7559,-122.8578,2615.373
"495",3935,38.4731,-81.8233,19867.604
"496",3936,38.2056,-81.4211,6996.172
"497",3938,38.9669,-81.9231,17469.313
"498",3942,39.4883,-79.6367,8128.416
"499",3943,39.7107,-79.9275,2444.148
"500",3944,39.3844,-80.3325,11392.014
"501",3945,39.5314,-80.113,129.385
"502",3946,39.3672,-81.3006,1129.002
"503",3947,39.8464,-80.8189,14127.32
"504",3948,39.8297,-80.8153,4447.679
"505",3954,39.2014,-79.2667,4024.803
"506",3982,46.5869,-90.9017,346.831
"507",3992,43.0792,-89.3739,278.328
"508",4040,43.3842,-87.8689,6.095
"509",4041,42.8457,-87.8294,11779.927
"510",4042,43.0303,-87.9233,4889.32
"511",4050,43.715,-87.7094,14537.161
"512",4054,42.7225,-91.0085,13449.862
"513",4057,42.5831,-89.0292,0
"514",4072,44.5397,-88.0083,5515.813
"515",4076,45.0869,-87.6881,0.348
"516",4078,44.8606,-89.6553,10937.513
"517",4125,44.082,-87.6558,584.997
"518",4140,44.3085,-91.9106,3823.867
"519",4143,43.5592,-91.2333,8873.78
"520",4146,42.7083,-90.9853,421.91
"521",4158,42.8378,-105.7769,13321.492
"522",4162,41.7572,-110.5986,20243.686
"523",4195,33.1707,-96.1264,0.149
"524",4259,42.0317,-84.755,1213.619
"525",4266,33.1978,-97.1067,0.112
"526",4271,44.3026,-91.9126,4976.011
"527",4937,30.558,-98.3705,2.324
"528",4939,27.6067,-97.3119,4.554
"529",4940,35.9978,-95.9567,6.604
"530",4941,36.9047,-111.3886,5097.774
"531",5083,39.3757,-74.9654,0.439
"532",6002,33.6319,-87.0597,25815.175
"533",6004,39.3668,-81.2944,12683.738
"534",6009,34.4236,-92.1392,28464.346
"535",6013,34.1775,-118.3147,0.062
"536",6016,40.4663,-89.9841,756.37
"537",6017,38.9361,-88.2778,23501.798
"538",6018,38.9031,-84.8511,1710.253
"539",6019,38.8689,-84.2286,19388.146
"540",6021,40.4627,-107.5912,3381.77
"541",6030,47.3761,-101.1567,18115.296
"542",6031,38.6903,-83.4803,6095.438
"543",6034,42.7748,-82.4945,25221.824
"544",6035,43.1056,-82.6964,35.824
"545",6041,38.7,-83.8175,6614.704
"546",6042,27.6058,-82.3456,7491.573
"547",6043,27.0536,-80.5628,5294.812
"548",6046,28.9047,-81.3319,48.791
"549",6052,33.4124,-85.0345,2354.733
"550",6055,30.7261,-91.3669,37399.077
"551",6058,44.0322,-92.4908,0.021
"552",6061,31.2194,-89.3933,7611.591
"553",6064,39.1714,-94.6958,6126.754
"554",6065,39.4472,-94.98,190.072
"555",6068,39.2825,-96.1153,1213.03
"556",6071,38.5847,-85.4117,1709.4
"557",6073,30.5335,-88.5574,20818.022
"558",6076,45.8831,-106.614,15969.841
"559",6077,41.0808,-101.1408,29741.06
"560",6082,43.3561,-78.6039,7617.642
"561",6085,41.2175,-87.0239,27064.628
"562",6089,47.6788,-104.1569,941.784
"563",6090,45.3792,-93.8958,21743.436
"564",6094,40.6344,-80.42,21756.626
"565",6095,36.4537,-97.0527,16925.224
"566",6096,40.6215,-95.7765,14295.578
"567",6098,45.3047,-96.5103,12588.589
"568",6101,44.2886,-105.3847,6768.086
"569",6106,45.6933,-119.8056,15646.568
"570",6112,40.2461,-104.8742,7.887
"571",6113,38.3722,-87.7661,21873.965
"572",6124,32.3558,-81.1683,2506.355
"573",6136,30.6167,-96.0778,12145.881
"574",6137,37.9053,-87.715,5293.073
"575",6138,36.2561,-94.5241,8506.178
"576",6139,33.0583,-94.844,26686.979
"577",6146,32.2597,-94.5703,74533.392
"578",6147,33.0917,-95.0417,57795.718
"579",6155,38.1306,-90.2625,26066.112
"580",6156,41.2836,-72.9042,256.612
"581",6165,39.1747,-111.0289,4558.201
"582",6166,37.9256,-87.0372,54242.207
"583",6170,42.5381,-87.9033,1194.68
"584",6177,34.5778,-109.2717,11722.069
"585",6178,28.7128,-97.2142,17616.179
"586",6179,29.9172,-96.7506,26914.749
"587",6180,31.185,-96.4853,2429.166
"588",6181,29.3072,-98.3228,21210.086
"589",6183,28.7044,-98.4781,10151.188
"590",6190,31.395,-92.7167,24642.606
"591",6193,35.2972,-101.7475,20315.72
"592",6194,34.1847,-102.5686,24474.158
"593",6195,37.1519,-93.3892,3577.342
"594",6204,42.1103,-104.8828,9378.105
"595",6213,39.0694,-87.5108,11939.743
"596",6223,37.1385,-94.1041,0.402
"597",6243,30.7217,-96.4599,0.435
"598",6246,29.6283,-81.5856,2.95
"599",6248,40.2217,-103.6803,13143.8
"600",6249,33.3303,-79.3611,4997.219
"601",6250,36.5278,-78.8917,5368.607
"602",6253,43.1952,-88.1496,0.052
"603",6254,41.0961,-92.5556,13461.372
"604",6257,33.0583,-83.8072,69861.504
"605",6264,38.9794,-81.9344,3247.09
"606",6358,44.8889,-94.35,0.027
"607",6373,40.7316,-96.7364,0.087
"608",6463,42.0269,-93.5828,0.194
"609",6469,47.3714,-101.8344,14891.95
"610",6481,39.5108,-112.5792,5000.145
"611",6558,31.321,-92.4626,0.016
"612",6584,24.5636,-81.7342,0.92
"613",6635,41.4485,-72.834,0.106
"614",6639,37.6467,-87.5006,2165.58
"615",6641,35.6733,-91.4083,28674.644
"616",6648,30.5642,-97.0639,16364.861
"617",6664,41.3153,-91.0936,7074.929
"618",6705,37.915,-87.3328,4469.152
"619",6761,40.8611,-105.0206,879.392
"620",6768,36.8791,-89.6209,6032.129
"621",6772,34.0158,-95.3206,8597.899
"622",6823,37.4497,-87.0803,9095.034
"623",7013,37.2376,-96.9619,0.05
"624",7030,31.0932,-96.6965,5403.841
"625",7063,31.2546,-88.0299,0.407
"626",7082,36.425,-114.9,0.041
"627",7097,29.3091,-98.3205,1289.057
"628",7145,41.5572,-93.5242,0.1
"629",7153,39.7436,-75.5072,5.873
"630",7155,43.2481,-93.2046,0.035
"631",7158,39.4492,-84.4611,0.508
"632",7159,43.1669,-88.69,0.551
"633",7203,43.7353,-88.4968,0.045
"634",7210,33.3642,-81.03,1759.196
"635",7213,36.8692,-78.7046,2345.897
"636",7237,43.6033,-96.6369,0.324
"637",7238,28.2764,-81.533,3.271
"638",7242,27.7286,-81.9897,1181.453
"639",7253,39.3672,-81.5208,16650.756
"640",7254,28.4272,-81.5803,1.099
"641",7258,42.7553,-86.0853,0.111
"642",7266,37.6528,-121.0172,0.934
"643",7270,42.6658,-88.0131,0.124
"644",7277,35.4317,-81.0347,0.695
"645",7288,39.451,-75.0578,0.01
"646",7296,37.0659,-94.614,4.105
"647",7302,27.7886,-81.8694,27.521
"648",7307,40.5083,-122.4253,0.053
"649",7314,40.8153,-73.0644,6.08
"650",7315,37.5739,-120.9854,0.15
"651",7318,39.15,-75.5466,0.062
"652",7325,29.6967,-95.0411,3.321
"653",7335,39.8383,-84.9665,0.258
"654",7336,40.0529,-85.7389,0.018
"655",7343,42.3022,-96.3622,16574.809
"656",7345,29.6397,-82.3486,1.006
"657",7348,32.5806,-83.5831,6.732
"658",7350,45.8486,-119.6744,6.943
"659",7380,27.6417,-81.9625,13.999
"660",7425,39.8233,-89.5888,0.121
"661",7449,38.088,-121.3871,0.034
"662",7456,47.8034,-116.869,0.035
"663",7504,44.2853,-105.3841,558.784
"664",7515,38.3864,-97.61,0.462
"665",7527,38.4461,-121.4614,2.432
"666",7537,39.2623,-79.3306,0
"667",7551,38.5306,-121.399,2.029
"668",7552,38.511,-121.4735,1.622
"669",7604,36.5852,-90.1779,1.783
"670",7605,45.65,-122.7231,3.363
"671",7693,33.8539,-117.8561,0.126
"672",7697,31.2504,-88.0156,2.498
"673",7698,32.3102,-86.5242,1.68
"674",7699,27.7447,-81.85,2.016
"675",7710,32.6094,-85.0961,16.323
"676",7721,30.5248,-88.1289,4.261
"677",7749,36.8678,-89.8397,0.024
"678",7754,40.2877,-94.7913,0.023
"679",7757,36.2206,-95.2756,3.643
"680",7759,39.9022,-86.2439,0.293
"681",7760,40.1063,-87.6539,0.085
"682",7762,26.3389,-98.1708,4.413
"683",7763,39.9528,-85.5039,0.19
"684",7764,33.8122,-83.6954,0.357
"685",7765,34.0386,-83.3972,2.087
"686",7768,31.3869,-84.0814,0.102
"687",7782,39.3528,-84.5183,0.004
"688",7783,41.3883,-83.6406,0.003
"689",7790,40.0864,-109.2844,1447.78
"690",7805,34.8422,-79.7444,12.448
"691",7813,33.9486,-85.2769,0.697
"692",7825,33.6094,-93.7924,0.265
"693",7826,35.7325,-80.6019,5.083
"694",7829,32.9856,-83.8464,0.613
"695",7834,34.3477,-82.776,6.871
"696",7835,39.7183,-76.1606,1.485
"697",7836,38.5283,-77.7681,3.604
"698",7837,38.1181,-78.2139,3.45
"699",7838,38.0722,-77.5133,10.293
"700",7839,38.5442,-77.7714,14.622
"701",7842,39.1025,-88.8589,0.015
"702",7843,43.7997,-92.6819,0.555
"703",7844,44.795,-93.5808,0.002
"704",7845,35.6578,-89.3964,3.651
"705",7846,30.3206,-81.9486,5.474
"706",7848,38.7538,-93.9983,0.188
"707",7858,37.2175,-88.8658,0.042
"708",7863,44.9019,-91.5678,0.081
"709",7869,40.8275,-73.6478,0.285
"710",7870,48.746,-122.486,3.494
"711",7872,40.9297,-84.7392,0.163
"712",7873,27.9072,-82.4231,18.525
"713",7887,40.9108,-96.6147,0.341
"714",7897,32.3814,-86.5736,8.78
"715",7900,30.2091,-97.6139,4.166
"716",7902,32.4607,-94.4852,2654.863
"717",7903,37.2479,-93.1709,0.242
"718",7909,40.7539,-73.9506,0.206
"719",7910,40.663,-74,0.458
"720",7912,40.7869,-73.194,0.195
"721",7913,40.7988,-73.9093,0.134
"722",7914,40.7989,-73.9147,0.134
"723",7915,40.7168,-73.9665,0.161
"724",7916,32.5892,-84.6917,1.592
"725",7917,33.407,-85.0387,3.444
"726",7925,43.7989,-94.8186,0.267
"727",7928,38.5325,-94.9042,0.008
"728",7929,38.7878,-94.985,0.29
"729",7946,33.4082,-85.0399,2.315
"730",7947,47.5444,-95.1297,0.156
"731",7948,38.8003,-86.4511,0.149
"732",7953,43.1794,-115.7328,0.36
"733",7960,32.7976,-88.6057,0.494
"734",7962,39.2798,-75.6246,0.098
"735",7964,39.3531,-91.2295,0.41
"736",7967,32.3494,-108.6975,0.134
"737",7972,42.167,-83.5318,0.177
"738",7975,32.2363,-108.5494,1.182
"739",7981,35.1597,-81.4306,0.375
"740",7984,44.6889,-85.2019,0.075
"741",7985,41.5563,-93.5283,1.023
"742",7987,34.1775,-118.3147,0.032
"743",7988,31.6004,-89.9468,0.14
"744",7989,31.9842,-89.4131,0.358
"745",7999,46.9688,-123.48,3.469
"746",8000,40.3286,-96.8067,0.199
"747",8002,43.0974,-70.7834,318.764
"748",8006,41.5711,-73.9739,208.069
"749",8023,43.4864,-89.4203,27718.788
"750",8027,44.7855,-93.4315,0.41
"751",8031,43.094,-93.2922,1.201
"752",8042,36.2811,-80.0603,3625.077
"753",8048,28.1844,-82.7887,7056.089
"754",8049,28.2628,-81.5486,15.194
"755",8053,40.6188,-74.069,0.257
"756",8054,33.3503,-91.1181,267.077
"757",8056,29.9994,-90.4758,527.817
"758",8059,34.5431,-98.3244,2.515
"759",8063,32.4033,-97.6986,0
"760",8066,41.7378,-108.7875,13653.538
"761",8068,33.3333,-111.751,4.078
"762",8069,39.3792,-111.0781,3116.998
"763",8102,38.9347,-82.1158,25329.27
"764",8219,38.6306,-104.7056,4077.556
"765",8222,47.2217,-101.8139,13691.156
"766",8223,34.3186,-109.1636,6738.484
"767",8224,40.8831,-117.1542,6311.798
"768",8226,40.5383,-79.7906,11806.337
"769",8906,40.7869,-73.9122,220.634
"770",10030,39.1467,-75.5461,0.201
"771",10034,37.0001,-121.5367,0.419
"772",10071,36.8703,-76.3519,1701.797
"773",10075,47.5314,-90.9111,3928.416
"774",10099,39.7661,-75.4242,0.464
"775",10113,40.79,-76.1984,1294.709
"776",10156,36.6183,-120.1,0.043
"777",10169,33.8759,-118.2491,0.868
"778",10190,42.5375,-73.7433,0.468
"779",10294,36.225,-121.1278,0.023
"780",10307,42.0925,-71.4833,2.459
"781",10308,40.439,-74.3444,2.496
"782",10343,40.8092,-76.4539,445.008
"783",10349,39.1365,-121.6397,0.065
"784",10377,37.2939,-77.2697,2373.9
"785",10380,34.6474,-78.6407,0
"786",10382,34.59,-78.9968,0
"787",10525,35.1285,-77.17,70.259
"788",10603,40.455,-78.7472,2404.066
"789",10619,42.5083,-78.0661,0.125
"790",10620,43.9842,-75.6225,0.041
"791",10621,43.0664,-76.2144,0.02
"792",10670,29.7192,-95.2278,2006.918
"793",10682,40.2415,-103.631,0.229
"794",10725,42.5744,-73.8592,1.571
"795",10726,42.156,-72.5292,1.407
"796",10741,29.6255,-95.067,1.772
"797",10751,39.9175,-75.1192,1.063
"798",10761,36.2317,-115.1235,0.954
"799",10771,37.2969,-77.2833,52.069
"800",10773,37.1183,-79.2726,41.573
"801",10774,36.6525,-76.9953,77.451
"802",10802,42.64,-71.323,0.03
"803",10803,44.7258,-75.4417,0
"804",10812,32.705,-117.189,0.937
"805",10870,40.9282,-76.0416,0.01
"806",50006,40.6322,-74.2156,7.236
"807",50109,33.6968,-95.5577,1.012
"808",50131,36.1807,-120.3885,1.232
"809",50137,29.2639,-95.8997,0.024
"810",50202,43.0804,-79.0082,159.747
"811",50243,44.5739,-68.8033,4.229
"812",50279,41.4844,-75.5403,0.094
"813",50292,40.7469,-73.4994,1.132
"814",50385,40.7197,-74.13,0.949
"815",50449,42.6544,-78.0772,0.078
"816",50450,43.4682,-76.4965,0.027
"817",50451,42.9671,-78.9182,0.063
"818",50458,43.25,-73.8125,1.405
"819",50497,40.6543,-74.1023,0.457
"820",50498,41.7639,-72.6925,0.16
"821",50555,36.4525,-77.6594,6.63
"822",50561,39.8746,-75.1592,0.384
"823",50611,40.6191,-76.45,266.205
"824",50615,32.4925,-100.3628,0
"825",50625,30.0639,-94.0703,10.561
"826",50707,40.0979,-104.7745,2.458
"827",50744,43.0803,-75.6003,0.029
"828",50799,40.4586,-74.3327,0.207
"829",50815,29.8161,-95.0177,10.758
"830",50864,35.9359,-120.8405,1.119
"831",50865,35.9515,-120.8679,1.176
"832",50879,40.7817,-76.1781,459.182
"833",50949,27.6364,-81.9636,0.561
"834",50966,37.4964,-77.4319,14.856
"835",50978,43.0611,-76.0819,0.073
"836",51030,42.0099,-71.6701,1.896
"837",52007,36.6009,-78.53,376.862
"838",52019,37.8181,-77.4478,1.051
"839",52026,41.6728,-70.9989,0.311
"840",52071,30.5681,-97.0614,1498.092
"841",52087,36.7743,-76.3119,40.577
"842",52088,29.3787,-94.944,4.546
"843",52176,32.2722,-101.4222,0.466
"844",52193,39.5936,-75.6337,0.739
"845",54034,42.63,-73.75,0.075
"846",54041,43.1622,-78.7453,0.135
"847",54056,41.861,-71.407,0.251
"848",54076,42.0875,-78.4578,0.712
"849",54324,42.0099,-71.6701,1.822
"850",54365,27.8708,-81.8253,0.731
"851",54424,28.3744,-82.1892,1.355
"852",54425,43.0393,-76.143,0.408
"853",54426,27.8489,-81.8775,1.046
"854",54466,28.4422,-81.4119,2.168
"855",54476,48.9905,-122.2733,8.907
"856",54547,43.495,-76.4508,7.735
"857",54571,42.202,-79.8425,0.008
"858",54574,44.7132,-73.4557,1.084
"859",54586,42.6308,-71.3133,0.224
"860",54592,44.9503,-74.8928,0.015
"861",54593,42.9828,-78.1592,0.103
"862",54634,40.8222,-76.1736,1723.371
"863",54658,28.0542,-81.8058,1.618
"864",54761,45.8042,-119.37,7.009
"865",54785,39.9417,-75.1883,20.535
"866",54805,42.1292,-71.5122,0.993
"867",54814,36.7367,-107.9417,1.887
"868",54817,32.3994,-97.4078,3.445
"869",54832,38.6681,-76.8678,1.944
"870",54844,38.1253,-78.2022,1.77
"871",54914,40.6994,-73.9758,6.417
"872",54915,43.94,-86.4247,2.977
"873",55010,44.7956,-92.9119,0.782
"874",55011,42.8543,-88.7297,1.724
"875",55015,29.0728,-95.745,9.969
"876",55026,41.8312,-71.1239,1.28
"877",55029,44.4489,-88.0731,0.112
"878",55031,44.5047,-70.2403,2.501
"879",55039,35.026,-106.644,0.036
"880",55040,32.4853,-83.6036,2.072
"881",55041,42.0476,-72.6478,2.214
"882",55042,41.1692,-73.1844,7.003
"883",55043,35.0727,-81.613,1.168
"884",55047,29.7233,-95.1769,6.056
"885",55048,41.6417,-71.17,2.438
"886",55061,33.3516,-84.9996,1.274
"887",55062,30.5924,-95.9178,8.022
"888",55063,34.3345,-89.9272,5.706
"889",55064,35.6957,-101.36,51.524
"890",55065,32.9728,-102.7417,4.663
"891",55068,44.8236,-68.7106,5.71
"892",55075,34.2181,-91.9025,3.52
"893",55076,33.3761,-89.2183,2373.103
"894",55077,35.7867,-114.9928,6.654
"895",55079,42.1127,-72.0152,4.321
"896",55081,35.5438,-89.198,1.068
"897",55086,27.8881,-97.2572,8.885
"898",55087,42.82,-85.9988,2.528
"899",55088,42.3026,-83.154,0.365
"900",55089,29.9861,-90.4575,2.089
"901",55091,32.4302,-97.0537,6.995
"902",55097,33.6314,-95.589,7.68
"903",55098,26.208,-98.3992,4.692
"904",55100,44.5303,-70.5219,1.172
"905",55101,42.2797,-85.4922,0.028
"906",55102,45.0291,-84.7332,0.091
"907",55103,42.1739,-121.8106,6.469
"908",55104,30.0444,-93.7716,2.366
"909",55107,41.8017,-71.5186,6.552
"910",55109,42.0931,-88.2397,0.086
"911",55110,39.4522,-84.465,0.591
"912",55111,39.9208,-87.445,0.352
"913",55112,39.0531,-121.6939,3.928
"914",55116,36.3297,-79.8297,1.403
"915",55117,30.221,-93.2826,7.963
"916",55120,30.0561,-93.7539,7.148
"917",55123,26.3403,-98.19,6.205
"918",55124,35.0517,-114.1334,3.109
"919",55126,41.2239,-73.1,7.312
"920",55127,40.2179,-103.686,0.61
"921",55128,33.8147,-83.6969,1.091
"922",55129,32.9042,-111.7889,2.937
"923",55131,41.4797,-88.2581,3.852
"924",55132,32.0164,-94.6189,6.97
"925",55135,44.1934,-88.5055,0.045
"926",55137,29.5932,-97.9724,4.787
"927",55139,32.3347,-97.7344,6.518
"928",55141,33.3577,-84.9912,1.068
"929",55144,29.7806,-97.9894,6.412
"930",55146,35.9833,-95.9346,5.462
"931",55148,39.0717,-87.0128,0.077
"932",55149,41.8736,-71.8947,8.593
"933",55151,35.2956,-119.5919,11.349
"934",55153,29.6237,-98.1395,9.503
"935",55154,30.1478,-97.27,6.605
"936",55164,38.3902,-85.4133,0.316
"937",55165,30.1603,-93.3458,0.864
"938",55166,35.0786,-81.575,3.01
"939",55168,30.1458,-97.55,3.482
"940",55170,42.9043,-71.4251,7.296
"941",55172,31.8594,-97.3586,1.426
"942",55173,30.4284,-92.4112,6.822
"943",55174,41.5001,-87.5958,15.259
"944",55176,32.4472,-94.6917,5.882
"945",55177,34.8678,-114.5317,3.889
"946",55178,38.7931,-94.3006,1.954
"947",55179,47.7861,-116.9214,2.973
"948",55182,35.2097,-119.585,6.846
"949",55187,29.8356,-95.1242,17.048
"950",55188,41.7146,-90.2802,0.365
"951",55192,28.1289,-81.0978,5.193
"952",55193,40.4219,-75.9353,4.985
"953",55196,40.5447,-79.7678,0.253
"954",55197,33.6464,-88.2717,8.716
"955",55198,38.1933,-82.6042,0.219
"956",55199,41.4388,-88.1236,1.195
"957",55200,39.6692,-105.0018,0.494
"958",55201,40.4705,-88.3987,0.063
"959",55202,38.1114,-89.3467,0.467
"960",55204,38.7619,-89.0128,0.048
"961",55206,27.8139,-97.4283,7.261
"962",55207,40.0197,-105.202,0.048
"963",55210,32.1134,-106.848,0.719
"964",55211,42.1113,-71.4529,3.838
"965",55212,42.0575,-71.5172,3.892
"966",55215,31.8378,-102.3278,7.19
"967",55217,38.03,-121.8708,7.478
"968",55218,32.3781,-90.2169,2.67
"969",55220,33.0142,-89.6758,3.28
"970",55221,34.5923,-92.2166,1.1
"971",55222,41.3937,-87.9437,0.034
"972",55223,32.3194,-96.6739,3.224
"973",55224,38.6716,-87.2931,0.246
"974",55225,36.0119,-95.6967,6.296
"975",55226,31.8907,-96.1128,10.459
"976",55228,40.0747,-84.6147,0.178
"977",55229,40.6206,-85.3057,0.319
"978",55230,33.101,-97.9574,6.738
"979",55231,39.8622,-75.3361,6.797
"980",55232,37.0286,-88.3958,0.569
"981",55233,41.2908,-79.8061,0.072
"982",55234,39.3092,-91.5369,0.204
"983",55236,41.8287,-89.4054,0.066
"984",55237,39.2794,-88.4772,0.018
"985",55238,42.2403,-89.1025,0.035
"986",55239,40.4481,-74.3497,9.639
"987",55241,30.7478,-88.0575,1.288
"988",55242,30.5661,-87.115,0.835
"989",55244,33.8376,-83.6996,0.152
"990",55247,39.7139,-83.1778,0.149
"991",55248,39.7286,-84.2106,0.248
"992",55250,41.4405,-87.7528,0.111
"993",55251,36.2454,-88.612,0.233
"994",55253,41.4297,-87.6187,0.076
"995",55259,41.6739,-87.4778,7.245
"996",55262,41.3989,-83.6411,0.002
"997",55263,40.7167,-82.789,0
"998",55264,41.4077,-84.1092,0.001
"999",55267,32.911,-84.3059,1.19
"1000",55269,34.9939,-90.039,8.659
"1001",55270,42.2488,-84.3767,1.581
"1002",55271,32.6514,-86.7386,2.13
"1003",55276,38.3681,-82.5339,0.189
"1004",55279,41.8151,-88.2265,0.103
"1005",55281,41.7181,-87.5449,0.049
"1006",55282,33.3417,-112.8897,2.633
"1007",55283,38.6281,-104.7069,3.594
"1008",55284,38.3441,-82.5938,0.102
"1009",55285,36.6644,-82.1044,0.216
"1010",55286,28.3661,-80.7947,22.415
"1011",55292,34.6292,-87.0214,7.891
"1012",55293,34.6397,-87.0639,8.592
"1013",55294,43.6576,-70.3772,5.448
"1014",55295,33.6157,-114.6865,2.757
"1015",55296,41.6835,-87.5563,0.076
"1016",55297,42.3231,-86.2925,4.805
"1017",55298,40.1464,-74.7406,11.974
"1018",55299,29.7189,-95.2319,17.083
"1019",55304,31.3869,-84.0819,0.948
"1020",55306,32.9761,-112.694,13.496
"1021",55317,42.2417,-70.9653,8.697
"1022",55318,28.4933,-80.7825,21.27
"1023",55320,33.0583,-97.9103,8.392
"1024",55322,36.3853,-114.9228,15.738
"1025",55327,29.7731,-94.9019,9.514
"1026",55328,45.7931,-119.3117,6.965
"1027",55332,33.0917,-82.9803,0.823
"1028",55333,38.0167,-121.8439,8.532
"1029",55334,39.2242,-88.7594,1.633
"1030",55337,40.3509,-76.3658,8.346
"1031",55340,35.8619,-90.0253,1.675
"1032",55343,32.2983,-107.78,4.357
"1033",55345,32.5733,-116.9153,4.648
"1034",55347,40.6383,-79.3503,0.477
"1035",55348,41.4774,-83.4616,0.568
"1036",55349,39.3328,-81.3639,0.787
"1037",55357,29.4731,-95.6244,5.396
"1038",55358,30.2588,-93.7353,7.415
"1039",55364,39.3922,-87.5103,3.528
"1040",55365,29.702,-95.071,0.135
"1041",55372,33.4759,-113.1133,3.602
"1042",55375,40.7825,-73.8964,8.381
"1043",55377,39.7475,-79.8388,0.308
"1044",55380,33.2961,-92.5933,14.846
"1045",55381,37.9892,-75.54,2.832
"1046",55382,34.7094,-84.9182,5.807
"1047",55386,33.8692,-81.0183,0.454
"1048",55391,42.9767,-89.0492,0.564
"1049",55392,42.4776,-87.895,0.465
"1050",55393,37.2169,-121.7439,5.566
"1051",55395,34.183,-90.5621,0.089
"1052",55397,39.5798,-81.6571,3.939
"1053",55400,35.2803,-119.311,7.752
"1054",55401,39.0839,-82.3328,0.136
"1055",55402,43.1864,-84.8429,1.037
"1056",55404,30.2292,-91.065,6.436
"1057",55405,42.2728,-73.8492,12.938
"1058",55406,32.2792,-81.2842,4.658
"1059",55409,33.5883,-85.9731,1.782
"1060",55411,33,-85.9031,5.147
"1061",55412,28.0525,-81.8083,4.828
"1062",55414,28.3665,-82.5591,16.886
"1063",55415,27.5242,-81.9236,156.669
"1064",55417,38.6996,-88.5392,0.065
"1065",55418,34.2963,-92.8683,1.769
"1066",55419,30.3215,-91.2392,13.463
"1067",55422,27.2272,-81.8092,1.695
"1068",55433,30.2825,-92.5994,0.137
"1069",55438,41.9997,-88.2445,0.189
"1070",55439,37.8667,-78.3813,7.804
"1071",55440,32.6503,-86.7386,3.808
"1072",55447,39.0183,-92.2633,0.013
"1073",55451,34.8358,-89.2017,3.885
"1074",55453,38.5569,-104.6875,1.409
"1075",55455,33.33,-112.84,7.567
"1076",55457,35.2979,-97.5896,6.936
"1077",55463,35.6853,-97.2242,12.389
"1078",55464,29.7153,-95.1361,17.769
"1079",55467,32.7056,-92.0697,2.521
"1080",55470,29.3775,-94.9328,125.339
"1081",55477,44.2853,-105.3841,0.004
"1082",55478,44.1212,-103.2608,0.018
"1083",55479,44.2862,-105.3843,538.524
"1084",55480,32.7563,-96.4916,15.029
"1085",55481,33.344,-112.8535,16.841
"1086",55482,45.8114,-120.833,3.121
"1087",55494,39.5617,-119.5175,0
"1088",55496,40.1083,-88.5986,0.263
"1089",55499,38.3989,-121.9239,0.016
"1090",55501,34.6831,-95.9349,7.016
"1091",55502,39.0913,-84.8667,3.45
"1092",55503,39.5314,-81.7172,2.713
"1093",55504,39.2038,-103.7005,0.695
"1094",55505,39.9414,-104.6817,0.675
"1095",55508,36.6531,-120.5797,0.017
"1096",55510,32.5622,-116.9433,0.039
"1097",55512,32.7971,-116.972,0.047
"1098",55513,33.1221,-117.117,0.055
"1099",55514,36.4178,-114.9622,3.843
"1100",55516,39.8592,-79.9182,4.751
"1101",55517,41.4486,-72.8358,0.66
"1102",55518,34.5953,-117.3647,7.155
"1103",55522,32.9285,-111.5899,0.353
"1104",55538,33.1261,-117.1172,0.004
"1105",55540,32.5914,-117.0586,0.002
"1106",55541,33.9114,-116.5533,0.2
"1107",55542,32.5672,-116.9444,0.15
"1108",55544,42.1725,-121.8139,0.013
"1109",55558,44.2717,-88.3011,0.065
"1110",55600,42.1073,-75.9283,0.018
"1111",55620,32.6914,-92.0192,4.277
"1112",55622,40.6663,-112.031,0.545
"1113",55625,38.2419,-121.8551,0.024
"1114",55626,38.2216,-121.8683,0.023
"1115",55627,38.2271,-121.844,0.023
"1116",55640,41.4426,-87.7515,0.452
"1117",55641,42.5835,-89.0351,1.523
"1118",55645,39.7436,-104.68,1.359
"1119",55651,35.7422,-97.655,0.361
"1120",55654,39.8668,-77.6859,0.31
"1121",55656,34.9556,-118.844,9.41
"1122",55661,43.1047,-70.8044,4.25
"1123",55662,46.6226,-122.9145,7.023
"1124",55664,32.3958,-94.4361,2.478
"1125",55667,40.8011,-75.105,6.345
"1126",55672,33.1189,-82.8608,0.183
"1127",55687,35.6139,-115.3561,4.482
"1128",55690,40.6175,-75.3147,51.138
"1129",55694,33.3806,-89.2039,5.801
"1130",55698,36.2689,-119.6469,0.061
"1131",55699,40.6106,-73.7614,3.153
"1132",55700,46.1403,-122.9842,13.476
"1133",55706,33.2881,-89.4201,0.899
"1134",55710,40.5456,-79.7669,1.571
"1135",55714,34.4304,-92.8333,4.032
"1136",55718,42.774,-82.4818,0.196
"1137",55733,43.1747,-115.6252,0.133
"1138",55736,38.5731,-82.7833,7.886
"1139",55738,37.1753,-81.9617,0.167
"1140",55748,37.425,-121.9319,0.124
"1141",55749,45.7578,-107.6,464.422
"1142",55786,40.7861,-73.2931,0.436
"1143",55787,40.9572,-72.8664,4.517
"1144",55801,39.8083,-75.4225,9.763
"1145",55802,34.6063,-106.732,0.26
"1146",55807,36.2397,-119.9044,0.054
"1147",55810,36.999,-121.5363,0.093
"1148",55818,47.0864,-122.3644,1.793
"1149",55821,28.4881,-81.1675,4.902
"1150",55833,28.0534,-81.8059,0.048
"1151",55835,40.0911,-104.5947,6.581
"1152",55836,44.2761,-88.2656,0.076
"1153",55841,36.4078,-114.9603,5.963
"1154",55847,39.1088,-121.6133,0.032
"1155",55853,33.7393,-117.1701,7.29
"1156",55855,38.2282,-122.076,0.023
"1157",55867,45.2996,-95.5604,38.055
"1158",55875,36.1522,-120.1481,0.01
"1159",55927,32.3592,-81.1236,14.668
"1160",55933,37.7107,-121.4906,0.025
"1161",55936,42.2383,-89.1014,0.056
"1162",55938,40.0606,-74.1672,0.644
"1163",55951,34.0414,-117.3603,0.092
"1164",55963,38.0139,-121.776,0.025
"1165",55969,41.1056,-72.3767,5.749
"1166",55970,38.3461,-121.1217,7.808
"1167",55972,40.9472,-95.9667,0.156
"1168",55976,39.8725,-77.1672,5.023
"1169",55977,36.7164,-108.2153,0.997
"1170",55985,33.1192,-117.118,6.74
"1171",56013,41.5131,-94.9189,0.01
"1172",56018,33.1661,-86.2825,0.04
"1173",56026,37.3767,-121.9508,1.083
"1174",56031,44.3204,-88.2089,1.18
"1175",56032,40.6447,-73.5683,0.225
"1176",56041,33.9983,-118.2219,1.702
"1177",56046,34.1788,-118.3153,3.5
"1178",56068,42.8445,-87.829,130.765
"1179",56078,37.4878,-120.8956,3.747
"1180",56102,39.8223,-111.894,5.126
"1181",56104,44.1965,-94.0099,1.177
"1182",56108,30.2554,-92.0433,0.414
"1183",56135,37.7315,-121.116,0.079
"1184",56143,33.9636,-117.4528,0.047
"1185",56150,32.3478,-81.1828,16.41
"1186",56151,38.6803,-94.4824,0.229
"1187",56164,44.3353,-93.2894,1.376
"1188",56166,43.7519,-87.8783,0.046
"1189",56177,40.0614,-111.7294,1.002
"1190",56188,40.7358,-73.3881,0.508
"1191",56196,40.7881,-73.9056,8.135
"1192",56224,40.7458,-116.5297,290.491
"1193",56227,46.1792,-123.1717,21.942
"1194",56232,32.8769,-117.1664,0.271
"1195",56234,40.8142,-72.9403,4.358
"1196",56237,40.3311,-111.7547,4.858
"1197",56238,45.3718,-98.1032,0.109
"1198",56239,36.6894,-119.7399,0.101
"1199",56241,44.5364,-92.9147,0.465
"1200",56249,34.9708,-79.9208,0.805
"1201",56253,37.1124,-113.5155,0.198
"1202",56259,42.6296,-73.749,2.349
"1203",56283,30.1694,-91.9923,0.56
"1204",56292,34.8422,-79.7367,0.694
"1205",56298,38.7926,-121.3823,1.141
"1206",56319,44.2911,-105.3815,213.481
"1207",56326,32.9748,-102.7432,0.26
"1208",56328,36.1855,-94.2841,0.454
"1209",56349,31.8414,-102.315,1.999
"1210",56350,29.2878,-96.0683,3.101
"1211",56397,41.2033,-76.0683,0.027
"1212",56400,27.3839,-80.3775,3.801
"1213",56407,26.6986,-80.3747,33.155
"1214",56445,40.0914,-104.8819,1.793
"1215",56456,35.6519,-89.9399,1307.699
"1216",56458,32.7282,-103.3095,6.784
"1217",56472,34.09,-117.534,0.016
"1218",56473,34.0054,-117.5604,0.018
"1219",56474,33.8073,-117.9833,0.022
"1220",56475,33.9297,-118.1047,0.021
"1221",56476,38.0167,-121.7592,6.793
"1222",56482,35.0534,-114.1353,0.826
"1223",56502,38.4464,-96.0651,1.242
"1224",56505,35.8481,-90.7257,0.249
"1225",56532,39.3648,-122.268,0.541
"1226",56556,37.0339,-88.6161,0.083
"1227",56569,33.2432,-115.498,0.092
"1228",56596,44.2892,-105.3795,173.079
"1229",56603,30.42,-95.0114,0.614
"1230",56604,30.3039,-94.2527,0.21
"1231",56606,48.1238,-104.2329,0.039
"1232",56629,41.5444,-73.0416,0.207
"1233",56639,36.654,-120.5797,0.131
"1234",56674,30.0383,-96.9875,0.546
"1235",56803,36.6513,-120.5833,0.609
"1236",56806,29.752,-94.923,4.835
"1237",56908,46.1066,-112.8755,0.219
"1238",56914,33.359,-117.111,0.16
"1239",56948,32.9175,-111.5041,0
"1240",57001,32.7971,-116.972,0.028
"1241",70454,34.3387,-82.8207,0.886
